{
    "accuracy": 0.7472924187725631,
    "precision": 0.76,
    "recall": 0.7702702702702703,
    "total_test_samples": 277
}